cohort,n,churn_rate,mean_score,score_psi,score_status,auroc,auprc,brier,n_drifted_features,drifted_features,retrain_triggered
0,586,0.20136518771331058,0.19047986237195547,0.0,stable,0.9553636100246269,0.9086852097122898,0.04663370059601864,0,,False
1,586,0.1962457337883959,0.13660150801356877,0.1768416445853051,warning,0.7567340533554878,0.43699743373354843,0.14316220501391375,0,,False
2,586,0.17235494880546076,0.14252130166093468,0.16306445263065056,warning,0.7593753189751965,0.420979099287996,0.12511951023418233,0,,False
3,586,0.2030716723549488,0.16150352238322238,0.18790809214054335,warning,0.7976355424396739,0.510744927424032,0.13332602011979636,1,tenure,False
4,586,0.19965870307167236,0.1664707995012304,0.21883600495906388,retrain,0.7186867858509649,0.3936587196446223,0.1556016155533679,1,tenure,True
5,586,0.1621160409556314,0.16605530653225176,0.26092484705883623,retrain,0.7473255440025726,0.40605251497178985,0.11900304523355079,2,"tenure, MonthlyCharges",True
